id,text,streets,landmarks,businesses,times,activities
0,When your thermostat is broken and you miss your summer uniform and iced lavender lattes ☀️ // #cold #winter #fpme #freepeople #summer,broken and you; uniform and iced,,,,
1,Our #iHeartAwards2019⁠ ⁠host @TPAIN is in the BUILDING! Make sure your tuned in at 8pm EST tonight on @FOXTV 🏆📺 (📸: @GettyImages),,,,8pm,
2,It’s #NationalHotSauce day and the debate is real right now! @TheRealCarolina is a #tabasco gal and @PaulCubbyBryant likes #siracha! Which one is the best? #QOTD #CubbyandCarolina,day and the,,,,
3,🔁: @russellrushradio • When you & @katyperry see each other again & you both fangirl—-ok maybe it was just me 😂 #iheartradio #iHeartSummitt #Day1 #LA #lalaland,again & you,,,,
4,How would you like to hangout on the bus with @runawayjuneofficial? Come see @tenilletownes TONIGHT at @bhamtinroof to grab your raffle ticket!,,,,,run; bus
5,"Tell me about it 💊
🙄
🙄
🙄
🙄
🙄
🙄 
#tell #tea #listen #contouring #girl #love #yeg #yegnails #profile #shape #edmonton #nashville #listentoyourheart #mercuryretrograde #beatit #midmakeup #wingedliner",,,,,
6,Kung Fu Kenny in the flesh 😍 it was the dopest to see you live! ✨👌 // #kendricklamar #damn #concert #live #damn #championtourn,,,,,
7,My new favourite pant by @onlyandsonsindia I love pairing it with any colour of my choice.,,,,,
8,"Let WDHA help you make the fastest $1,000 you’ve ever made. JUST #UseYourHandForAGrand and grab the keyword weekdays at 8a, 11a, 1p, 4p, & 6p then text it to 40772!
📸 - EpicCure/shutterstock",UseYourHandForAGrand and grab,,,,
9,You coming! Tag your friends and get tickets 1025thebull.com @kipmooremusic @avondalebrewing,friends and get,,,,
10,Friday before #Christmas mood.,,,,,
11,"그레이 원데이 수세미♡
출시 3개월만에 10만개이상 판매된
이유가 있지〰️환경호르몬뿐만 아니라 유해물질 불검출!!
일회용이지만 100% PP재질로
기존 수세미와는 다르게 재활용 가능하다~
2겹 초극세사 섬유로 거품도 잘나고
세척 잘되서 너무 좋다👍🏻
2롤 구매하면 걸이도 주는데~
싱크대 아래 걸어두니 넘편해ㅎㅎ
-
-
#그레이원데이수세미 #일회용수세미 #너무편함 #깔끔해 #그레이컬러 #취저 #주방인테리어 #줌마그램 #줌스타그램 #주부놀이 #주방용품 #일상",,,,,
12,"Bust it, why you got it on safety. 🔐 📸: @viefeamatapictures",,,,,bus
13,"Can we go back to #HHI? Missing the beach on a Monday! 🌴☀️🌊
.
.
.
#beachinroadtrip #westinhhi #beach",,Missing the beach,,,
14,"There's a lot of pressure to be a perfect mom. But let's be real, that's a standard no one can achieve! Embrace the mistakes and just try your best to be a good mom to your kiddos. ❤️",mistakes and just,,,,
15,@harrystyles You know that I will do it for free and it will look bomb??,free and it,,,,
16,"Gear up and ride on over to Bike Night here at @quakersteak right now! The infamous @drewgarabo with The Bone team are holding it down by the entrance from 7p-9p, you can’t miss it. 🤘",up and ride,,,,
17,Coming up this morning on “All Mixed Up” with Jim Monaghan - Eddie Kramer & John McDermott on the new @jimihendrix box set.,Kramer & John,,,,
18,"In theaters today! Little, Hellboy & Missing Link #movienight",Hellboy & Missing,,,,
19,Double Play Wednesday AND Marriage For Dummies!!!!,Wednesday AND Marriage,,,,
20,Jim Monaghan and JoHo with Darryl Strawberry this afternoon at Nielsen Chevrolet. #Mets #Yankees,Monaghan and JoHo,,,,
21,"“Alexa, bring me water and advil ASAP.” HAPPY NEW YEAR!",water and advil,,,,
22,Happy Birthday to Eric Clapton! #slowhand,,,,,
23,"😂 Who else can't wait for #summer in #Sacramento? 🌞 #Repost @whiskeyriff
• • • • •
On the bright side.",,,,,
24,"Win a FREE trip to see @BrunoMars live at his residency in #LasVegas 🎶! Who'd you bring as your plus one? Enter for your chance at the link in our bio!⁣
.⁣
.⁣
. #BrunoMars #24KMagic",,,,,run
25,Great news! A new study says YES! Your dog does understand what you’re saying! 🐶 #Linkinbio for more details on the study!,,,,,
26,"Come out and Be The Thunder TONIGHT/6pm at The Lucky Dill! Cheer on the @TBlightning and enjoy beer specials, prizes, live DJ, and an appearance the TB Lighting Girls!",out and Be; TBlightning and enjoy,,,6pm,
27,@MarioLopez and his son got some #JiuJitsu time in this weekend!,MarioLopez and his,,,,
28,It’s true!!! Ariana Grande is getting her own drink at @starbucks! It will be available tomorrow nationwide and will be called #cloudmacchiato 📸 repost @arianagrande IG stories,nationwide and will,,Starbucks,,
29,"here's to my girl Jaffe on her bday! keep using phrases like ""let's get crunk"" in a non-ironic way and dropping it *dangerously* low with me 7 days a week 🔥",ironic way,,,,run
30,"Squats 👊🏽 #legday #sundayfunday 🏋🏽‍♀️
🏋🏽‍♀️
🏋🏽‍♀️
🏋🏽‍♂️
🏋🏽‍♂️
🏋🏽‍♂️ #workout #legs #weights #lift #babyweights #lunges #cantwalk #love #yeg #gym #bodybuilding",,,,,gym; workout; walk
31,Saturday Tings 🐙 #saturdaynight #yeg #wonderwoman,,,,,
32,Which remaining #DealOrNoDeal case has up to $500?? Your chance to try and win it at 7:20p and 8:20p with @fritoontheradio! @dealornodealcnbc,try and win; 20p and 8,,,,
33,The #WDHA crew getting in the #Halloween spirit and ready for #WDHAMonsterBash tonight @ Alexus Steakhouse in Clifton! 🎃,spirit and ready,,,,
34,We are officially one month away from ALTer Ego!! Which you obviously already know since it’s underlined and highlighted in your calendar. (No? Just us?),underlined and highlighted,,,,
35,follow @adiethebaddievintage and snag this polka dot shirt dress may 1! ✨ // #adiethebaddie #adiethebaddievintage #vintage #modernvice #fpme #freepeople #blowthebelt #spring,adiethebaddievintage and snag,,,,
36,"#ad I'm sharing what's in my purse over on the blog! I have lippies, industrial strength hand cream and my Ricola with #swissherbs. What about you?",cream and my,,,,
37,Congrats to these box hockey champs! Catch us at the next TBL home game for your chance to walk away with some sweet bolts gear ⚡️ #gobolts #bonesocial,,,,,walk
38,"요즘 자주사용하는
천연탈취제 #에어로케어 🤗
거실이나 주방은 물론~
신발장이나 화장실에도,
필요한 순간에 뿌려주기만하면
악취와 세균은 물론 대기중 유해물질과
미세먼지까지 제거해줘서
집안을 깨끗한 공기로 만들어준다👍🏻
유해물질을 99%를 분해시키기!!
향은 진하지않고, 피톤치드향이 난다는~
100% 천연식물성분이라 안심하고
사용하는중^^
-
구매링크 공유해요 :-)
https://smartstore.naver.com/airocare
-
-
@airocare_liquid
#집꾸미기 #공기청정기 #탈취제 #새집증후군 #인테리어 #미세먼지 #공기청정기추천 #천연방향제 #차량용방향제 #차량용공기청정기 #육아템 #공기청정 #방향제 #냄새 #섬유탈취제 #새집증후군제거방법 #화장실냄새제거 #티트리오일 #천연탈취제 • 업체로부터 제품을 제공받아 작성된 글입니다.",,,,,
39,"rain drop, tube top ✨ // #fpme #freepeople #saturday #summer #tubetop #yellow #flowy #pants #icedcoffee",,,,,coffee
40,Was @brunomars & @iamcardib #FinesseRemix the #BestMusicVideo of the year? Vote for it to win at our #iHeartAwards! KJ103FM.com/awards,,,,,run
41,You can be the thunder! Text and you could be right there cheering on the @TBLightning!,Text and you,,,,
42,You don't get days like these twice... #14thavenuephtography #lensflare #shortexposure #sunset  #sunsetlovers #onawalk #trees_capture #vivid_photographer #nature #brilliant #sunset_ig #gorgeous_shot,,,,,walk
43,So we were in Morristown and this parade breaks out...,Morristown and this,,,,
44,New at 2: DreamDoll - Everything  Nice #NEWTAT2 #NOCHILLZONE,,,,,
45,The faces of two girls who had way too much fun cleaning out their gently used winter clothes!! #donate4fosterkids and #makeadifference #happyness #ad,had way,,,,
46,The high school basketball championship games will be televised today if you can’t make it to Raleigh or chapel hill,,high school,,,
47,"#Runway
#IngunaButane @ingunabutane - Valentino Fall/Winter 2007.
@realmrvalentino @giancarlogiammetti",,,,,run
48,Whoa. So amazed at my new twirling curling iron! Thank you for sending it @t3micro and iFabbo! #twirl360 #ifabbomember #spon,t3micro and iFabbo,,,,
49,"Anyone up for breakfast in the Bahamas? Another #myWOWmoment from #SandalsRoyalBahamian. 🌴✈️️🌴✈️️Check out 1079thelink.com for how to win your way here!🌴✈️️🌴✈️️
.
.
.
.
#LIVEfromSandals #ad #breakfast #bahamas #clt",your way,,,,
50,#bucs fans! Are you here at Ray Jay hanging out before today’s game against the 49’ers? Come hang out with us and @lazydays_rv in lot 14!,,,,,
51,#tip - roll your ground beef flat before freezing it!  You can fit more into the freezer and it's easier to thaw/cook later.  #feedyourfreezer #kitchenadventures #cooking101,freezer and it,,,,
52,"Since I don’t want to complain anymore about the frigid weather, I will just say here’s to it almost being the weekend! One more day friends, have a great night!",,,,,
53,Sun is shining and so are you ☀️,shining and so,,,,
54,"Last stop of the Steve Harvey Annual Turkey Drive In Kinston with @skeemonee #SHMSTurkeyGive, #SHMS @steveharveyfm",Turkey Drive,,,,drive
55,🚨 The Q Presents @nfrealmusic at @thebjcc October 27th! Tickets on sale Friday at 10am but you know we have your free ones all week 🎤🙌🎶😁👋 #NF #PerceptionTour,,,,10am,
56,THOUGHTS?! R.Kelly and his team  are launching a new website called survivinglies.com!,Kelly and his,,,,
57,11/28/18 - loss to Mavs :(. Throwback hat and vintage sweater were gifts from @youknownothingjonc thanksss!!! Tank and shoes were made/customized by me. #rockets #houstonrockets,hat and vintage; Tank and shoes,,,,
58,Love #coffeeshopvibes with the #brewjunkiecoffeehouse.  This quote from their wall might just be my all time favorite!  #dreamchaser #momliferocks #mykidsaremylife #mydream,,,,,coffee
59,"Someone get us these! #Repost @girlsthinkimfunny with @get_repost
・・・
Someone buy me these😍🤠",,,,,
60,19 years & still counting ⏳...wouldn’t have it no other way! Love you to the moon & back 100 times Bestie! 😘 @miss_elitaaaa ❤️👭#nationalbestfriendday,years & still; other way; moon & back,,,,
61,Easy to predict @lindsayell will be 🔥🔥🔥 at our #incredibulltuesdays next week at @bhamtinroof! Make plans to join us 4/23 and get there early for the chance to meet her! 🙌🏻,23 and get,,,,
62,my bumble bee graduated from high school today 🐝 so proud of you @birgittasq ✨ // #cousins #graduation #lsrhs18,,graduated from high school,,,
63,It didn't take long for Jim Monaghan to find the ice cream truck!  2nd annual Oktober Family Festival in Little Falls.,,,,,
64,"So overjoyed that our station could be associated with such a monumental moment in @madonna’s career! All love, always 😍💜",,overjoyed that our station,,,
65,‪11pm TONIGHT 🙌 Then Every Hour All Day Tomorrow! 📻 The KJ103 World Premiere of @justintimberlake #Filthy‬ #NewMusic #OKC,,,,11pm,
66,The magic is out at @shoparboretumnc today. Stop by and say hi before 5pm.,by and say,,,5pm,
67,"Med oppskriftboka fra @memo_of_norway har man alle oppskriftene til julebaksten samlet 🎄Ønsker dere en fin mandag 🎄❤️ (Sponset)
°
°
°
°
°
°
@memo_of_norway
#memoofnorway",,,,,
68,@shawnmendes tickets and your chance to go backstage starts Monday!! Listen all week at 8:10am + 4:10pm ❤️🎤🎶👏 #Shawn1037,tickets and your,,,8:10am; 4:10pm,
69,Get to Mugs Sports Bar and Grill on Icot Road in Clearwater today from 1 to 3pm and hang with The Bone for the chance to get hooked up with a brand new Xbox One S from Bud Light!,Bar and Grill; Icot Road; 3pm and hang,,,3pm,
70,#GusKenworthy joined @OnWithMarioLopez to talk #AmericanHorrorStory and more! See at the link in our bio!,AmericanHorrorStory and more,,,,
71,‪TONIGHT'S THE NIGHT! 🎉‬ ‪Watch night 1️⃣ of our #iHeartFestival LIVE tonight at 9pm! CWTV.com 😍🙌👏#RaeSremmurd #MariahCarey #SamSmith #PanicAtTheDisco‬,,,,9pm,
72,Getting ready for the Oklahoma City St. Patrick's Day Parade! ☘️🍀☘️ If you're headed downtown be sure to wave at us!,City St,,,,
73,WE’RE TRUSTING U @jonasbrothers!! 🆒,,,,,
74,"When you don’t have a soppy cup and don’t want sticky drink “stuff” in your car, etc.  #geniusmom #momhacks #mom101 #momtips #organizedmom #nailed_it #smartkids #drinkideas #kidstips",cup and don,,,,
75,#TexasRangers player @elvis_andrus1988 went viral yesterday for his #WalkOutSong being #BabyShark!! 🦈 What would your song be? #CubbyandCarolina #QOTD,,,,,walk
76,It's two weeks until the NHL Playoffs and everybody at @tampajoes are showing off their Bolts spirit!! All we have to say is: #TampaWinCup ⚡⚡⚡,Playoffs and everybody,,,,
77,"tara, how exciting that we get to celebrate your birthday and day 3 of our fitness journey on the same day!!! may you get wiser and hotter with each passing day ❤️",birthday and day; wiser and hotter,,,,
78,"$500 in Commercial Free Country Cash is coming baaaack. But this time with a little something extra. And, once again, LOCAL WINNERS ONLY! Details 7:10 tomorrow!",,,,7:10,
79,🎖got the gold and GOT THAT GIRL🎖,gold and GOT,,,,
80,Coming soon cooking with @sherilynch1 and a special guest! #justsheri,sherilynch1 and a,,,,
81,"All you have to do is #UseYourHandForAGrand and let WDHA put #freemoney in your pocket! Just grab the keyword weekdays at 8a, 11a, 1p, 4p, & 6p and text it to 40772!
📸 - Berke/Shutterstock",UseYourHandForAGrand and let; 6p and text,,,,
82,As @halestormrocks closes out #rockcarnival we just want to say thanks to everyone who joined us on this wet and wild weekend...,wet and wild,,,,
83,gems and friends...oh yeah and my insane boot collection 👢🌿✨ // #jewelry #vintage #prints #necklaces #pendants #fpme #freepeople,gems and friends; yeah and my,,,,
84,"Happy 26th birthday baby bro. We put you to rest yesterday 😔, but today we’ll celebrate your life and we will do it like your right here with us. We love you dearly. Rest peacefully my love. 💙🙏🏽👼🏽",life and we,,,,
85,Are you excited to see #EliYoungBand and #RussellDickerson at #NashvilleInTheNeighborhood? 🎤 Save the date for February 6th and get your tickets at the link in our bio!,6th and get,,,,
86,I might be waiting for @ultabeauty to open... Come on 10 am! I need new foundation!,,,,10 am,
87,"My Favourite Place 🖤🖤🖤
🛌
🛌
🛌
🛌
🛌
#longhair #blackhair #bed #love #girl #selfie #legs #sunshine #taurus #comfortable #home #nap #instagood #yeg",Favourite Place,,,,
88,Look at that hair blowin in the wind. She need to be on somebody's runway! Lol ☺️,,,,,run
89,A story came out about a man who popped an ambient to fall asleep and apparently proposed to his girlfriend in his sleep!! 😂 What have you done? #CubbyandCarolina #qotd🦉,asleep and apparently,,,,
90,"#Disneyland's new Food and Wine Festival ears are so cute 😍! See more at the link in our bio.⁣
.⁣
.⁣
. #DisneyParks #DisneyWorld (Pic: @everythingdisney.55)",Food and Wine,,,,
91,Loco dates with my lady friend @kristianbrooke 🌮 // #loco #shrimptacos #tacos,,,,,
92,"#Runway5k is underway, First place was a dad running with a full stroller 👏👏👏
.
.:
.:
.:
:.
#5k #charlottenc #charlottedouglas",First place,,,,run
93,"It’s National Law Enforcement Appreciation Day! Tag somebody you’d like to shout out & thank because of their commitment to serve and protect. 💙
- Syke & MJ",out & thank; serve and protect; Syke & MJ,,,,
94,"@brandy_n_hayes here getting ready for Metallica at the Spectrum Center tonight
🤘🏽🤪🎸",,Spectrum Center,,,
95,2015 & 2017. I always enjoy putting together patriotic outfits for Veterans Day Rockets games. 🇺🇸,2015 & 2017,,,,
96,"#MySuperdry denim is easy and comfortable to wear, remarkably tough, and endlessly versatile.",easy and comfortable,,,,
97,Is that @mattharris1079 with all of the donations for #santaslinktokids at Promenade on Providence? Come by and make a donation with @cmpd.explorers and #cmpd till 5!,by and make,,,,
98,life is beautiful and weird 🌿✨ // #tattoo #monstera #palm #leaf #fresh #ink #mayhemink,beautiful and weird,,,,
99,"All I’m left with now, are these beautiful memories I shared with you, that I keep recapping in my head. I really hope your resting easy Lil bro. I love you dearly. 😔😢🙏🏽💙",,,,,
100,"#LadyGaga and her Grammys. Name a more iconic duo...I'll wait! @ovictoriamedia
(Photo by Amanda Edwards/Getty Images)",LadyGaga and her,,,,
101,"No one likes putting ice packs on their boo-boo. Frozen marshmallows are perfect because they are nice and soft, but still cold!",nice and soft,,,,
102,"#미샤 #앰플압축크림
말하면 입아픈 미샤 보랏빛 앰플이 강해져 압축! 압축! 10배나 압축되어 4세대 크림으로 출시되었어요👏🏻 미샤 타임 레볼루션 라인은 무려 1천만개나 팔렸다고…역시 베스트의 위엄!! 요즘 피부가 엄청 푸석하고 탄력없이 축 늘어졌었는데, 푹 자고 일어난듯이 푹잠피부로 만들어주는 앰플압축크림이에요~ 10가지 프로바이오틱스 성분과 보랏빛 에너지 5가지 과채소 성분 콜라게니어 성분까지 더해져 피부에 수분감과 탄력감이 쫙 붙어욤ㅋㅋ 냉온 더블 발효와 미샤만의 코어 프레스 공법으로 쫀쫀하면서도 피부결을 정돈시켜주는 압축크림이라 메이크업전에 챱챱 발라주면 푹잠피부 완성!! 데일리케어로 강력추천하는 탄력크림입니다~ 1/2/3 단계로 멀티활용 가능한 갈바닉 이온 & LED 마사지기까지 함께 하면 완전 찰떡! 크림을 도포후 마사지하듯 흡수시켜주면 탄력적인 피부가 완성되요🥰
✔️브랜드측에서 소정의 고료 및 제품 제공으로 직접 사용 후 작성되었습니다",이온 & LED,,,,
103,Listen and win your @gunsnroses tickets from #WDHA today and all weekend! #GNFNR #notinthislifetimetour,Listen and win; today and all,,,,
104,"This was from snow day  # 2! All rugged up and enjoying (and being sneaky and eating) the snow! Bubs wasn't highly amused, but the kids enjoyed it a bit more!",up and enjoying; sneaky and eating,,,,
105,"Welp, we know what our plans are tomorrow!
・・・
Can’t Knock The Hustle out tomorrow 8am ET, excellent ⭐⭐⭐⭐⭐ Set your alarms, might have a few other fun surprises tomorrow too.",,,,8am,
106,"Com os amigos @galvaobueno e @rsdei, pouco antes da estreia do Corinthians contra o PSV na @florida_cup.",,,,,
107,I think it's safe to say she enjoyed her first swim!,,,,,swim
108,#yesterday #ifeltcute #mydirtymirrornotcutetho #butHappyEastereveryone,,,,,
109,[GET PINKED FOR P!NK] — Getting Gals & Guys all pink-fied for the P!NK Concert. Stop by & see us ! 💗💕,Gals & Guys; by & see,,,,
110,"#한율
에센스 같은 #진액스킨 ◡̈
여주 쌀을 발효하여 만든 진액으로🌾
진한보습이 느껴져서 좋으다♡
향도 강하지않고~ 용량도 넉넉해서 굿👍🏻
여름이 지나가고 이제 건조해지니
쫀쫀한 보습관리 시작해야지~~
-
-
#15그래머 #챱챱스킨 #쌀진액스킨 #대용량 #한정판 #스킨추천 #토너추천 #찰기보습 #리미티드 #beauty0821 
저는 위 한율 제품을 소개하면서 아모레퍼시픽으로부터 무상으로 제품을 제공 받았습니다",,,,,
111,"#tbt desse domingo de sol.
.
.
.
.
.
.
.
.
#SaoPedroDaAldeia #RJ #Brasil #nofilter #mtur #visitbrasil #blogger #travelblogger #colors #havaianas #happy #happyness #lifestyle",,,,,
112,"#ad Celebrate Nissan of Stanhope's end of the fiscal year close-out sale on Saturday, March 24 with Jim Monaghan and team DHA! #NissanofStanhope #DriveNissan #Nissan #closeoutsale",Monaghan and team,,,,drive
113,"This is my newest foundation obsession!  Super lightweight coverage, it looks natural, lasts all day and I barely need to blend it. Details over on the blog!
#instabeauty #instamakeup #beauty #makeup",day and I,,,,
114,@kevinhart4real will take over and host @steveharveyfm this Friday morning from 6-10,over and host,,,,
115,@sheisclarkejones is at the @cricketwireless in Greenville (10th street) with FREE Bojangles & ECU basketball tix!!,Bojangles & ECU,,,,
116,"I like my @oakley glasses that fit me correctly, the less they move, the better I will run!

#Oakleyoptics #OAKLEY #oakleyglasses",,,,,run
117,Stop by Nissan World of Denville btwn noon & 2pm to say hi to @jimmonaghan21 & Team DHA.,noon & 2pm; jimmonaghan21 & Team,,,2pm,
118,"Short shorts. Big win. 4/29 Game 1 vs Jazz pics 
#rockets #houstonrockets #htown #hou #runasone #redrowdies #rednation #clutchcity #houston #nba #nbaplayoffs",,,,,run
119,Want to make the happiest and hungriest hook?  Grab a tennis ball.  Slice it and add some eyes.  #diyideas #towelholder #mailholder #pennypouch #sillystuff #imaweirdo #hacks #geniusidea #kbnmoms,happiest and hungriest; it and add,,,,
120,The only thing that's (almost) better than the weekend is cookies and milk. #foodhack,cookies and milk,,,,
121,Tickets to see @kennychesney at the @tuscaloosaamp on 5/24 go on sale Friday 12/7 at 10am....get those wallets ready 💸,,,,10am,
122,It’s tipping szn!! What are your tipping rules and how many people in your life are giving money to? #CubbyandCarolina #QOTD,rules and how,,,,
123,"Still drinking my water, minding my business, & doing my squats ✅",,,,,bus
124,"Listen to KNCI 105.1 at 7am, noon, 3pm & 5pm this week and score a free couples massage from #DreamDaySpa in #Folsom, just in time for #ValentinesDay! #Linkinbio for more details!",3pm & 5pm; week and score,,,7am; 3pm; 5pm,
125,#12signsofthezodiac I just spent the last week with the love of my life and now I don't know what to do with my life,life and now,,,,
126,Thinking about sunshine while chugging apple-ginger juice and soup 🍎🍜✨ // 📸: @emmakunz // #sick #sunshine #puppy #weekend #sunday #lackofcolor #winter #madewell #fpme #freepeople,juice and soup,,,,
127,"#여행준비
여행가기 전에 항상 바뿜😵 올림픽대로보다 이수교차로가 낫네...불금밤에 운전이란? 다혜쌤이랑 수다 미친듯이 떨고 오면서 기분업업되서 신나게 노래부르긔ㅋㅋㅋ 항상 예뿌게 변신시켜주셔서 감사합니다🥰 언제나 사랑이지만 이번 네일은 좀 대박인둡! 발은 발리가서 공개할께융🦶🏻
-
#젤네일#파츠네일#보석네일#블링블링#나는야다혜쌤의베베#네일리#잠원동젤네일 @naillee723",,,,,
128,#genius #momhack - layout and label your #kidsclothes by the #dayoftheweek.  Make mornings easier #momtips brought to you by #livelovebrew and @keurig,layout and label,,,,
129,Cricket wireless has IPhones starting at 99.00 when you switch over to cricket come see @keithcombs74 from 2 to 4 in Kinston Walmart shopping center,,Kinston Walmart shopping center,Walmart,,shopping
130,"#숨통원 방독 마스크😷
-
후드나 머리끝 없이 점착제에 의해
얼굴에 바로 부착 가능한 화재용 마스크
완전 신기하당 ㅎㅎ
기존 방독면 대비 30%이하 사이즈로
보관과 휴대가 용이하다😊 
한국건설시험연구원 유독가스 제독
성능 테스트로 신뢰성 확보했고,
국내 제조, 국산 촉매 사용으로
성능이 보장 된 마스크👍🏻
-
9월말 출시라고해요 :-)
미리 미리 구비해두면 좋을듯!
-
-
#방독면 #방독마스크 #화재대피 #화재마스크
#숨통 #화재 #피난 #119 #건강스타그램
업체로부터 원고료를 제공받아 작성된 글입니다.",,,,,
131,"@mattharris1079 is getting swept off his feet at the @carrenfest. 
Free 12 and under this weekend 🎃 #carrenfest",12 and under,,,,
132,The best thing about airports is nobody judges you for drinking at 10am! Not that it would stop me if they did. Hey! It’s made out of fruit! This is basically a smoothie. — @palmer_radio,,,,10am,
133,The easiest way to brighten a desk - and put a mug to good use! #succulentgarden #officeart #minigardens #momlife #geniusidea,easiest way,,,,
134,"아이디 페이스핏 플러스 마이너스 키트 사용해봤어요! 저는 진짜 쫄보라서 사실 다양한 병원에서 협찬 문의가 들어왔었는데 뭔가 불안해서 다 거절했거든요( 무서워 ) 하지만 뭔가 예뻐졌으면 하는 욕구는 있어서 늘 걱정이었는데, 살이 빠지든 찌든 턱라인이 또렷하게 나와있는 편이 아니라서 늘 고민이 많았어요! 그래서 리프팅 밴드 유명한 건 다 써봤는데!! 이번에는 아이디 제품 써봤거든용>_<? 근데 요거는 들어갈 부분은 들어가고, 나올 부분은 나오게 만들어주는 제품이라서 이마나 팔자부분 처럼 꺼지는 부분은 볼록하게 플러스 패치로 완성하고, 불독살처럼 아래로 축 꺼진 이중턱은 마이너스 밴드로 쫘악 끌어올릴 수 있답니다!
요고이요고, 내일 cj 오쇼핑에서 판매한다고 해용! 아침 9시 25분부터 한시간! 블로그에 좀 더 상세하게 후기 써놓았으니 참고하세요>_<❤️
.
#아이디페이스핏플러스마이너스키트 #아이디페이스핏플러스키트 #리프팅밴드 #홈케어 #쁘띠케어 #홈케어밴드 #하악밴드 #볼륨패치 #이마는빵빵하게 #턱은날렵하게 #AD #제품제공 #태그뭐달지모르게뜸",,,,,
135,"#12signsofthezodiac Don't lose me bish
•
•
•
•
•
•
•
•
#zodiac #astrology #horoscope",,,,,
136,Wer von euch traut sich mit Jogginghosen zum ersten Date aufzutauchen? #1live #jogginghose #komfortzone #jogginghosenradius,,,,,jog
137,Are you the person drinking an iced coffee on a cold day? 😂,,,,,coffee
138,Pew Pew 🔫 #forfun #summer #pewpewpew #outside #yeg #targetpractice #love #childsplay #sunshine,,,Target,,
139,Come score some #free @deltaco from the #NEWCountryCrew! Stop by the KNCI tent to get one! 🎉,,,,,
140,Easiest lazy Susan EVER! Just stack two cake pans on top of each other and fill the bottom with marbles!,other and fill,,,,
141,Happy Cinco De Metal! We're still rocking @sunsetpubandgrill until 7 PM with a shot to win @metallica tickets. Come on down.,,,,7 PM,
142,"Nobody Cares, Work Harder ✍🏽 #officevibes 💋
💋
💋
💋
💋
💋 #workhard #office #yegoffice #yeg #girl #girlboss #dosomething #redlips #blackhair #selfie #instagood #love #businesswoman #keepup",,,,,bus
143,Winterfest 2018 with 112 Teddy Riley Dave Hollister and Blackstreet,Hollister and Blackstreet,,,,
144,#havanaclub #aboutlastnight #yeg #pampabraziliansteakhouse #rip #cashmeinmybed @dirtysoapclothing  #pizzaparty #bustedpirates,,,,,bus
145,"It’s almost that time! From 6-10pm tonight catch @djkaoss1 on the turntables on the Total Kaos Night Show On 101.9 KISS FM‼️🔥🔥🔥
#numberonenightshowintheenc #radiokilla #turntableassassin #coredjs",,,,10pm,
146,thanks to bofuh you people (and literally everyone else at camp) for reminding me why lakeshore is the best place on earth... even when campers leave hate mail on your bed #tearsstream #pmh,best place,,,,
147,"#삼성에어드레서 
꿉꿉하고 습기제거제 항상 쟁여두는 드레스룸에 '리얼공간제습' 기능 활용하는 모습이에요ㅋㅋ 문 열어놔도 작동되서 넘나 신기!! 우리 신랑 아끼는 핸드메이드코트, 니트 그리고 새로산 내 청바지까지! 관리하기 힘든 의류들로 맡겨두면 알아서 척척👍🏻 추천 스페셜코스 울/니트, 겨울코트, 데님!! 삼성 Smart things 앱을 설치하면 블루투스 연결로 아주 다양한 코스들 다운받을 수 있어요ㅎㅎ 우리의 옷도 일상도 언제나 뽀송뽀송 쾌적모드🥰
-
#에어드레서#미세먼지#의류청정기#의류청정기추천#의류건조기#의류관리기#삼성의류청정기#에어드레서후기#안심가전체험단 for #리뷰 #무상제공 by #삼성전자",,,,,
148,"#Runway
#NataliaSemanova - #JeanPaulGaultier Spring Summer 1998.",,,,,run
149,"Domingo terminando. Bom momento para organizar a semana.
.
.
.
.
.
.
.
#planner #organization #organizacao #planejamento #lifestyle",,,,,
150,Free Bojangles when you get your taxes done at 2227 South Memorial Drive! Up to $6000 in advance!,Memorial Drive,,,,drive
151,We're LIVE at David Stanley Chrysler Jeep Dodge in Midwest City! We have your KJ10-FREE hookup and you can save big on over 700 new vehicles all in one place! Come join us until 3pm!,hookup and you; one place,,,3pm,
152,Eww.. just #ewwwwww My carpets were #gross #twentyminuteslater and much better!! #rugdoctordifference #ad,twentyminuteslater and much,,,,
153,"@JillianElaine hosted @DeanLewisMusic's performance in our AT&T Sound Studio 🎶! See photos at the link in our bio!⁣
.⁣
.⁣
. #DeanLewis #ValentineInTheMorning",,,,,
154,"Disputando a bola com meu amigo Nelsinho, craque da lateral, em mais um jogo entre Guarani x São Paulo.",,,,,jog
155,"It ain’t a secret, but it ain’t your business either 😏",,,,,bus
156,Finally working on my YouTube channel and came across this pic from Friday when my hair looked bomb. Maybe I should start accepting nail and hair clients lol,channel and came; nail and hair,,,,
157,"These @Oakley glasses don’t fall while I’m active on the move and are comfortable to wear. Sometimes I even say they forget that I have the glasses on!
#OAKLEY #oakleyglasses #SportsEyewear
@oakley",move and are,,,,
158,"One of our faithful listeners, Joyce stopped by Cricket!! Congrats on becoming a GREAT-Grandmother! Come see Santa & @sheisclarkejones for some GREAT DEALS AT @cricketwireless",,,,,
159,"Yes, I am the crazy girl who bought not one but TWO new French press #coffeecoffeecoffee pots!  #stainlesssteelcoffeepress is my favorite of the two!  #spon #otbt",,,,,coffee
160,Love pomegranates but hate the hassle of removing seeds? Make it easy to prepare a pomegranate by cutting it in half and hitting the the outside with a wooden spoon. The seeds fall right out!,half and hitting,,,,
161,I shall call him Stanley and he shall be mine. and he shall be my Stanley,Stanley and he,,,,
162,"@TitosVodka, @ClydeMaysWhiskey, classic cars, and cigars? All the men are in! Perfect way to treat your man to a Friday date night, ladies. 😏🥃 Learn more and get your tickets at 1037theq.com/cigars!",Perfect way; more and get,,,,class
163,Happy #LoveYourPetDay! These are our babies ☺️❤️ Continue to share yours on your feed because they’re making our day! #KNCIFamily,,,,,
164,"At the Bloggers Brunch today and meeting some awesome people and great brands!
.
.
.
#bloggers_brunch # kidsbusiness @kids_business #bloggers",today and meeting; people and great,,,,run; bus; meeting
165,We LOVE Thanksgiving at our house! I am so blessed and am thankful for time with family. How was your Thanksgiving? #happythanksgiving #thanksgivingday #blessed #pumpkinpie,blessed and am,,,,
166,"@LadyGaga and fiance #ChristianCarino have split 💔. Thoughts? Details at the link in our bio.⁣
.⁣
.⁣
. #AStarIsBorn #ASIB #LadyGaga (Pic: @GettyImages)",LadyGaga and fiance,,,,
167,1000ème publication par ici 😱 et c’est Pilou qui vous remercie pour tous vos messages suite aux stories 😍💛,,,,,
168,Slow down & remember your essence 🧡,down & remember,,,,
169,"TONIGHT! 📻🎶 Kelly Clarkson, Logic & Portugal. The Man answer your questions on #MostRequestedLive!💃🕺Listen Now! 🎉",Logic & Portugal,,,,
170,"Me motivo pensando que #madrugaresdeguapas 😑 😂 .
.
.
.
Cárdigan @adagatti .
.
.
#adagatti #modaespañola #moda #lookoftheday #cardigan",,,,,
171,"Beans are actually a fruit, a vibrant red cherry that grows high up in the mountains!
Some coffee pleaseee ☕",,,,,coffee
172,What better way to bring in my bestie’s bday than In Dubai🇦🇪🎉🍾❤️✨,better way,,,,
173,#spring is here and it's time for some warmer weather #haircuts! Cutting a hole in a bag makes the perfect smock.,here and it,,,,
174,Finally got to shower (home with toddler day is crazy!) here are my current hair styling LOVES! @lorealparisusa and Italy Hair Fashion,lorealparisusa and Italy,,,,
175,"Hang with @fritoontheradio in front of Sooner Mall in Norman with 5 Star Steaks! Get 20 Ribeyes for $30! Plus they have other cuts of beef, hamburgers, chicken and more! We're here until 6pm!",chicken and more,front of Sooner Mall,,6pm,
176,Thank you to the Epps Center in Greenville for allowing us to come out for our annual Turkey Giveaway!! @djbornfinesser @sheisclarkejones #SHMSTurkeyGive #SHMS @steveharveyfm,,Epps Center,,,
177,ITS A WINNING WEEKEND! Comment below to win tickets to see Blackstreet & 112 November 24th in Greenville! @sheisclarkejones @iamfantasianicole,Blackstreet & 112,,,,
178,Who says the dishwasher has to be just for dishes? This is an awesome #momhack to thoroughly clean and sanitize the kids toys and shoes.,clean and sanitize; toys and shoes,,,,
179,"Today, we are remembering #LukePerry. Such a loss to the industry and the entire world! RIP 💔
@kianaonair
(Photo by Frederick M. Brown/Getty Images)",industry and the,,,,
180,Next week! @claredunnmusic @jonlangston @bhamtinroof @accuchek_us tag a friend and see you there!,friend and see,,,,
181,The President of our fun and games department’s shoe game is strong today! #GoPanthers #KeepPounding,fun and games,,,,
182,@sheisclarkejones is at the Cricket in Greenville on 10th street in the Walmart shopping center with Bojangles & ECU Basketball tickets!,Bojangles & ECU,Walmart shopping center,Walmart,,shopping
183,The #NEWCountryCrew is out on k st at the @crestsacramento for @kipmooremusic and they have your meet and Greets!,kipmooremusic and they; meet and Greets,,,,
184,"Tag who you would share this with! 🍟 #Repost @brandfire with @get_repost
・・・
Who do we talk to abt this?
(@mcdonalds pls respond)",,,,,
185,Congrats to our costume contest winner!! #BAYWATCHGIRL #crowdvote #happyhalloween,,,,,
186,"Yup, this is a thing and it’s this Sunday 1/13! 🚫👖Get ALL the details at our link in bio 😂 #NYC #subway 📸: Getty",thing and it,,Subway,,
187,"It’s not too late to win #CountryInThePark tickets plus meet & greets! Listen at 7am, noon, 3pm and 5pm and text in to win! 🎫🎫",meet & greets; 3pm and 5pm,,,7am; 3pm; 5pm,
188,Merry Christmas!🎁🎅🏾🎁 #christmastwinsies #missing1/3ofthedynamictrio  #burgundyandgray #hisfavoritecolor,,,,,
189,🚨🚨 #Selenators 🚨🚨 It just came out and we’re playing #WOLVES next! 🙌 Listen NOW at kj103fm.com/listen or on our free @iHeartRadio App #WorldPremiere,out and we,,,,
190,A @TBLightning VIP experience could be yours! Who would you take?,,,,,
191,Partying in the @panthers Lair! Under two hours until kickoff against San Fransisco! #keeppounding,,,,,
192,"TONIGHT, watch @CMA’s #CMAchristmas at 8|7c on @ABCNetwork! @Reba hosts with unforgettable performances by @BrettEldredge, @OldDominionMusic, @AmyGrantOfficial, @BrettYoungMusic and many more!",BrettYoungMusic and many,,,,
193,"Listening to Jar of Hearts in your honor today, Tman. thanks for always being the Ron Swanson to my Leslie Knope. Happy birthday and roll red 🎈",birthday and roll,,,,
194,"New Satin Lip Colors from #nars! You and Luxembourg, I don't know  which to wear first!  #beautybloggerproblems #lippielive #beauty",You and Luxembourg,,,,
195,HOW CUTE is @yogreenwood’s Daddy’s boy? 😍 (Listen with Billy Greenwood weekdays from 10am-3pm on 102.5 The Bull!),,,,10am; 3pm,
196,#fourthstlive #partypeople #bbw #curves #curvygirl #thick #thickthighs #alternativecurves #styleissizeless #psfashion #hourglass #croptop,,,,,
197,New at 2: Chanel by Young Thug [featuring: Gunna & Lil Baby] 🗑 or 🔥 #newat2 #NOCHILLZONE,Gunna & Lil,,,,
198,"Keep it classy & graceful ✨
📸: @kamsclothing",classy & graceful,,,,class
199,Want to boil your eggs without them cracking? Just poke a hole in them with a safety pin and boil away! #cookinghacks #cookingtips #momhack #geniusidea,pin and boil,,,,
200,"We never thought of it that way... 🤔 #Repost @showerfeelings with @get_repost
・・・
🚿💡
follow @showerfeelings (me) for more💌",that way,,,,
201,Are you going to the Yankees home game tonight? Make sure to come hang with us at Lucky Dill after the game tonight for Bud specials and your chance at tix for the next home game!🍺⚾️,specials and your,,,,
202,"The picture Jim Monaghan and JoHo were talking about this morning with Pat DiNizio, #Yankees great Don Mattingly and Jim at Yankee Stadium.",Monaghan and JoHo; Mattingly and Jim,Jim at Yankee Stadium,,,
203,Can't wait to try my new foundation that I bought from @maskcara! #ihearthac,,,,,
204,‪Stop by @CompanyBackyard in St. Pete on 22 Avenue today with @MrMikeCalta @ACatNamedMo @miggsandswig today from 11a-3p - bring a toy and help us help Toys For Tots ‬,in St; toy and help,,,,
205,"Auditions happening now @workplaybham for Pigeon Forge’s Path to Fame! 🎙 ⭐️ 🎶 
more info 👉 1037theq.com",,,,,
206,"Come hang with Carmin today at Mugs and Jugs on Tampa Road starting at 1pm - one lucky winner will score a 50"" TV from Bud Light!",Mugs and Jugs; Tampa Road,,,1pm,
207,"""Smile and the world will smile with you"".",Smile and the,,,,
208,The Barn Owls just took the stage and are keeping us entertained outside of BB&T Ballpark for #skyshowclt!,stage and are,,,,
209,"Didn't @LadyGaga look gorgeous last night at the #FashionLosAngeles awards 😍? See more pics at the link in our bio!⁣
.⁣
.⁣
. #LadyGaga #LittleMonsters #Gaga #LG6 #ASIB (Pic: @GettyImages)",,,,,
210,@sheisclarkejones is at Town Commons from 5p-7p with #VoteTogether @votetogetherusa! FREE FOOD! Music & J. Cole Tickets! COME VOTE!,Music & J,,,,
211,"식품 포장기 #이지플러스
⠀
실링, 컷팅, 밴딩 세가지가 가능하다👌🏻
밀폐용기가 없어도 비닐봉지를 실링하니
너무 편하구나 ㅎㅎ
음식물이나 국물류도 완벽 밀봉이된다👍🏻
먹다남은 과자도 실링 해두엇다가
컷팅기능을 사용하면 되니 좋구나~
이렇게 편한제품이 있었다니🥰
-
-
#이지푸드플러스 #easy+ #실링기 #비닐접착기 #식품포장 #포장기기 #컷팅기 #밴딩기 #밴딩 #실링 #커팅 #비닐포장기기 #커팅기",,,,,
212,"From #TroyBolton to #TedBundy...what CAN'T #ZacEfron do?! 😍 @ovictoriamedia
(Photo by Kevin Winter/Getty Images)",,,,,
213,Let’s fly away 🙌🏽☀️ #coolkids #weekend #sun #fashionkids #kids,,,,,
214,Merry Christmas & Go Rockets from the ICE BAR @ the ICEHOTEL in Sweden! #icehotel #icebar,Christmas & Go,,,,
215,"Juelz Santana proposes to his long time girlfriend & mother of his kids, Kimbella! Congrats! ❤️
Some are upset that it took so long, thoughts?",girlfriend & mother,,,,
216,"Who's ready?! Less than 10 minutes away!!
🙌🙌🙌
#Repost @iheartradio
・・・
The 2018 #iHeartFestival starts tonight at 10pm ET / 7pm PT, tune in! 🎲",,,,10pm; 7pm,
217,Such a #geniusidea - ever have condiment bottles jostle or topple if your kids slam the fridge?  Shelf liners to the rescue!  #rollontheclean  with @theduckbrand #ad,,,,,
218,Yesterday selfies with my awesome parents. Love them so much❤️❤️❤️,,,,,
219,"머리카락 빗는 빗도 중요하다는 걸 느끼게 해준 탱글티저! 많은 요청으로 인해 많은 연구 끝에 드디어 반려견 브러쉬, 펫티저를 런칭했답니다!특히 이중모인 강아지를 키우는 분들은 집중!! 여름에 더워해서 털 깎아주셨다고요? 오히려 빗어서 속털을 제거하는 방식이 댕댕이들에게는 더 좋다고 하더라고요!! 엉킨모도 풀어주고 윤기도 살려주고, 주인과 댕댕이의 교감타임도 느낄 수 있는 행복한 빗질시간!!!!!!!!!!! 펫티저는 국내 반려동물 1위 어플인 ‘포인핸드’와 협업 중인데용! 아무짓이나 다 해도 예쁜 우리 댕댕이들의 소중한 털을 위해!!!펫티저를 사용해보세용 ! (그나저나 빈센트 너무 예쁘고ㅠㅠㅠ클나온냐 땡큐쏘머취입니다요 )
.
이 게시글은 펫티저 ( @petteezer_kr )과 함께합니다❤️
.
#펫티저 #반려견브러쉬 #애견브러쉬 #강아지미용 #강아지용품 #반려동물용품 #반려견 #포인핸드 #탱글티저 #PETTEEZER",,,,,
220,newness with this cutie now up on @adiethebaddievintage 🌿💫 // #adiethebaddievintage #adiethebaddie #adieonabaddie #rollerskates #summer #skates #boardwalk #icecream,,,,,walk
221,All the #JustShowUpShow meet and greet feels 😍,meet and greet,,,,
222,"Just because I haven't posted anything saucy in a while and this corset is 💥🔥💥
.
.
Designer: @thebadbutton 
Photographer: @loveandi",while and this,,,,
223,"What would you do with an extra $1000 💰? Listen every weekday from 6am-6pm for your chance to win! Info at the link in our bio!⁣
.⁣
.⁣
. #EasyMoney #LosAngeles #LA",,,,6am; 6pm,
224,Spanish getting a little carried away... 💥 Stop by @galaxyfireworks on MLK in Tampa and start the New Year right! #iloveyou @spanishep,Tampa and start,,,,
225,"This is our kind of meal prep! #Repost @bustle with @get_repost
・・・
idk why people always complain about meal prepping this is EASY (@freerefills)",,,,,bus
226,Hoop It up with #NBA2K19 https://bit.ly/2ITrOlK,,,,,
227,"Hakeem the Dream Team
Repping Olajuwon at the USA vs Nigeria game at the Toyota Center!
#teamusa #usabasketball #olajuwon #hakeemolajuwon #toyotacenter #rockets #houston #olympics",,Toyota Center,,,
228,"Same, girl. Same. Happy National Margarita Day! -@codyontheradio #Repost @jenngietzen with @make_repost
・・・
it’s friday AND national margarita day!? JACKPOT.",friday AND national,,,,
229,"""So Maggie, what are your feelings about starting senior year?""",,,,,
230,"SANTA IS AT CRICKET in NEW BERN! Plus a FREE gift wrapping station & GREAT DEALS on phones! 4 lines for just $100 a month! Come see @sheisclarkejones too 😁
2646 MLK Jr. Blvd in New Bern",station & GREAT,FREE gift wrapping station,,,
231,"#reptouratlanta night 2 underway!! @southern_trance and 70,000 #Swifties ARE READY FOR IT ❤️🎶🎤🙌",southern_trance and 70,,,,
232,"Party with @themikecaltashow , @pitbulltoddler and @budlight this Saturday 3/16 in Downtown St Pete! More info in the link in bio🍀🍺 #ad",Downtown St,,,,
233,"We’re at @sprint on Five Star Blvd until 6pm! Come say hi and win a prize, including #NashvilleInTheNeighborhood tickets!",Star Blvd; hi and win,,,6pm,
234,Need some inspo 💚💚🥰 Photocredit @heydavina 💚 at @onehalf_ilaika 🌴🌴,,,,,
235,Saudade desse moleque! Era monstro jogando bola! #DenerEterno,,,,,jog
236,#plussize #plussizefashion #plusmodelmag #thick #thickness #model #bbwmodel #bbw #bbwlovers #booty #bigandblunt #waisttraining #beardgang #beard #style #fashionblogger #fashionista,,,,,train
237,Lembranças da minha passagem pelo Bangu em 1986. Na ocasião o clube era o vice-campeão do Brasileirão e foi uma baita experiência profissional e de vida.,,,,,
238,"Breakfast, Exercise and helping your community All in one. 
We're out at the Run 4 Reading Krispy Kreme Race in #RockHill today!",Exercise and helping,,,,run
239,Double tap your well wishes and spread the love here for @BritneySpears and the Spears family as Britney checks into a mental health facility over worry about her dad's health. @LevineOnScene,wishes and spread; BritneySpears and the,,,,
240,We’re at the @30secondstomars show!! @jaredleto is our favorite astronaut ❤️🚀🌏⭐️ Stop by and get a selfie!,by and get,,,,
241,"Listen to @woodyandwilcox at 9 am for the world premiere of @thelumineers new single ""Gloria"" & again throughout the day on The END. Their newest album drops September 13th!",,,,9 am,
242,"Did you know you can listen to @woodyandwilcox, @itstamotime, @dzlradio, @palmer_radio and the entire END crew on your smart speaker? Just say, ""Hey Alexa, play 1-oh-6-point-5 The END on iHeartRadio.""",palmer_radio and the,,,,
243,"rinsta might be turning into a finsta (food insta) but this chicken biscuit is part of my new diet and exercise program!! check it out, link in my bio",diet and exercise,,,,
244,"listen every hour for a chance to pay your bills with 💰 $1,000 AND score a VIP trip to our @iheartradio Jingle Ball in NYC + LA 👏 and a $5,000 @capitalone giftcard💯😍🎤 💵",000 AND score,,,,
245,The gang is all here! Matt and Ramona and our lucky winners are here at the Belk Theatre watching The Marriage of Figaro !,Matt and Ramona,,,,
246,How cool is this pink Camero?!? We are getting ready to warm up for the @makingstridescharlotte walk! #link2pink,,,,,walk
247,"Don’t participate in #NoMoneyNovember 👉 pay your bills 💰 with $1,000 ➕ go VIP to our @iheartradio Jingle Ball at 1pm!",,,,1pm,
248,we laughed way to hard at this 😂😂,laughed way,,,,
249,We’re at Jaguar Stadium for the Q’s Game of the Week 🏈 @vestaviahighschool vs @spain_park_football 🙌 stop by and win some Q prizes including a #MacBookPro and @portugaltheman + @realcoleworld tickets!,by and win,re at Jaguar Stadium,,,
250,The cost of Swiffer pads adds up over time. Fuzzy socks work perfectly AND you can wash and reuse them! #cleaninghouse #geniusidea #tipoftheday #cleaninghacks,perfectly AND you; wash and reuse,,,,
251,Jogo de festa na Fazendinha em algum dia dos anos 1990! #Basilio #Palhinha,,,,,jog
252,She wore an itsy bitsy tiney winey yellow polka dot bikini #notreallytho lol #living😘😎🎀💄💋,,,,,
253,Happy #InternationalWomensDay⁠ ⁠to all the women around the world. We are inspired everyday by all of you who make a difference in all of us! ❤️ #IWD2019⁠ Who inspires you? 👇,,,,,
254,Here comes @JLO! Just announced dates for her #ItsMyParty tour! They include July 12th @TheGarden and July 19th @prucenter! Look for her soon in a new movie with @IAmCardiB too! @LevineOnScene,TheGarden and July,,,,
255,Follow @jayblazecrazy and @sheisclarkejones NOW! Then drop below in comments how many songs @jayblazecrazy and @sheisclarkejones played 5pm-5:20pm! 1st correct comment wins a family 4 pack tickets!!!!,,,,5pm; 5:20pm,
256,"#Adele and husband #SimonKonecki announced their split after 7 years of being together 😔. Details at the link in our bio.⁣⠀
.⁣⠀
.⁣⠀
. (Pic: @GettyImages)",Adele and husband,,,,
257,Don't miss it! @rodneyatkins @ironcitybham tickets on sale tomorrow at 10 AM at 1025thebull.com,,,,10 AM,
258,Wonderful lazy day and no guilt. 🌎,day and no,,,,
259,Get to Crown Honda today from 11am-1pm and see Galvin.  We loaded him up with tickets - including last minute TSO tickets!  Swing by - US 19 just north of Park Blvd in Pinellas Park,1pm and see; Park Blvd,just north of Park; Blvd in Pinellas Park,,11am; 1pm,
260,pride and joy 🐶✨ // #ziggyzadog #ziggystardust #catahoulaleoparddog #dog #mutt #rescuedog #humanesociety,pride and joy,,,,
261,A little bit of Sandra in the sun ☀️🎵,,,,,
262,"Ooh, we have Family 4 packs of movie tickets for #HowToTrainYourDragon starting Monday after 1 pm with @LevineOnScene!",,,,1 pm,train
263,"Com perdão ao monstro sagrado @zico_oficial, a palavra VENCER está do lado certo no jogo de hoje.",,,,,jog
264,"Patterns are a great way of individualising formalwear, and large windowpane checks particularly prominent this season.

#windowpanecheck",great way,,,,
265,"#12signsofthezodiac I'm going to school now brb
•
•
•
•
•
•
•
•
#zodiac #astrology #horoscope",,m going to school,,,
266,#grind #active #fitness #girlswholift #thick #thickthighs #plussize #bbw #benchpress #styleissizeless #freebird #curves #curvygirl #beardgang #gymlife #hulk #alpha,,,,,gym
267,"In case you missed it yesterday, someone at #ESPN  accidentally released the NCAA Women’s bracket hours before the selection show! What did you accidentally mess up at work? #QOTD #CubbyandCarolina",,,,,
268,We’re LIVE from the Rockaway Townsquare Mall for our annual blood drive. #dha40,blood drive,Rockaway Townsquare Mall,,,drive
269,"#Runway
#ClaudiaSchiffer @claudiaschiffer - Balmain Spring/Summer 2000.
#Balmain",,,,,run
270,Tonight!!! @scottymccreery @bhamtinroof @stjude tag and friend and tell us you’re coming!!!,tag and friend,,,,
271,Onslow County Public Library needs your help!!! @onslowcountypubliclibrary,,Onslow County Public Library,,,
272,wears new @reformation dress for less than an hour and somehow manages to spill coffee 🙄✨🙈 // #selfie #clumsy #reformation #linen #summer,hour and somehow,,,,coffee
273,"Stuck under the bridge at @slossfest? COME SEE US for the chance to win tickets to see @nfrealmusic, @wizkhalifa, @lauvsongs, or @realcoleworld! 🙌 #SlossFest",,Stuck under the bridge,,,
274,#happiness #woods #explore #escapeyourcave #river #RedRiverGorge #trails #outdoor #photography #adventure #alpha #sunrise #freedom #freebird #kentucky #nature,,,,,drive
275,You think you got what it takes to bring home victory!? Come step up to the challenge and check out the Stanley Cup while you wait for the Lightning v. Panthers game! ⚡️👊,challenge and check,,,,
276,Ready to take on this holiday season with these freeps! Cannot believe this will be my 6th holiday with @freepeople ! Crazy how time flies! 💕✨😎 // #fpholiday #holidaymeeting #pajamaparty,,,,,meeting
277,Nunca me canso deste wc de serviço 😍 Home details #Home #homedecor #wc #decor #coolhouses,,,,,
278,This is your last chance to post a pic of you and your concert sweetie with #1025withyouiam for a chance to win tickets to see @codyjohnson at @avondalebrewing on 10/18!!,you and your,,,,
279,"R. Kelly’s estranged daughter, Buku Abi speaks out against her father calling him a monster and says that she, her mother and siblings don’t condone Kelly’s behavior.",monster and says; mother and siblings,,,,
280,god I missed having a bathtub ✨// #lushcosmetics #bath #bathbomb #natural #anthro #candles #relax and just for @mjjudge #potatoes,relax and just,,,,
281,@popevil meeting and greeting some lucky WDHA listeners - doors for the Naughty or Nice Ball at @starlandballroom open in 20 minutes!,meeting and greeting,,,,meeting
282,"Like always, you can find us handing out lessons and giving out prizes for all your Lightning needs. ⚡️ Come check out the tent and catch the game as we take on the NJ Devils tonight! #gobolts!",lessons and giving; tent and catch,,,,
283,"Softly as if I played piano in the dark, Found a way to channel my anger not to embark~ 👽
👽
👽
👽
👽
👽 
#music #namethattune #love #girl #hiphop #happy #outkast #atliens #aliens #instagood #words #classic",,,,,class
284,"Out here at @macdintonsirishpub for #KegsandEggs and @budlight. Did someone say #DILLYDILLY? @jamiecros22, @ashobrien83 , @johnmaxwell1 and their friends did.",johnmaxwell1 and their,,,,
285,Celebratory drinks! I got into grad school! TU!,,got into grad school,,,
286,"Participando evento “Vem pro Jogo” do Workshop Cerrado Leste aqui em Pirenópolis, Goiás. Valeu galera pelo carinho!",,,,,jog
287,"#AdCampaign
(Scan By Me)
#CarmenKass @kasscarmen for Peek & Cloppenburg - Spring/Summer 2007.",Peek & Cloppenburg,,,,
288,When you find out they have @aquaviteakombucha at star market 🙌✨ // #kombucha #yum #aquavita #zara #fpme #freepeople #vans,,aquaviteakombucha at star market,,,
289,This is how a gal can #workoutinstyle and NOT loose her earbuds!  #lifehacking #genius,workoutinstyle and NOT,,,,workout
290,New at 2: Kodak Black-ZEZE (feat. Travis Scott & Offset) Thoughts?! 🔥 or 🗑?! #newat2 #NOCHILLZONE,Scott & Offset,,,,
291,"WW 👐🏽
👐🏽
👐🏽
👐🏽
👐🏽
👐🏽 #wonderwoman #red #officechic #style #ootd #fashion #babaton #love #yeg #office #work #girl #blackhair #edmonton #latergram #business",,,,,bus
292,Thank you to all who stopped by @kingsplazamall today to hang with @luluylala and to get some Christmas shopping in ❤️🎄🎁,luluylala and to,,,,shopping
293,"There's just something about giant pillows that makes kids so crazy 😂😂😂
.
.
.
#giantpillows #mummasphere #mumlife #motherhood #parenting #playtime #keepthembusy #toddlers #freefun",,,,,bus
294,🔥Vegas Residency Announcement! 🔥 #BrunoMars and #CardiB are both getting their very own Vegas Shows this year! Would you go?? @nicktangorra (Photo by Christopher Polk/Getty Images),,,,,run
295,"Who are you rooting for to win big tonight at the #iHeartAwards2019 🏆 🎶? Watch at 8PM PT on @FOXTV!⁣
.⁣
.⁣
. #LosAngeles #LA @iHeartRadio",,,,8PM,
296,"#SISTERMARKET 이번 #봄자켓 난리났다 난리났어 컬러 이쁜거 너무 마나서 고르느라 힘들었엉 
#시스터마켓 옷들 하나같이 다이뻐 .
.
.
.
.
.
.
.
.
#봄코트#자켓#여자자켓#여자코트#숏자켓 #숏자켓코디#베이지자켓#봄코디#여자봄코디#봄코디추천 #데일리룩#데일리#일상#맞팔#쇼핑몰모델#쇼핑몰",,,,,
297,"Congrats to the Irwin family for winning a new TV from #MECU and @okcvolkswagen! They're giving away more free TV's and a new 2019 Mitsubishi Mirage today, so go check em out! #ad",s and a,,,,
298,do you hear that? it’s the sound of a reds loss and an exceptionally fun weekend with my #1 pa ❤️⚾️🎟,loss and an,,,,
299,"Our buddies in @WilsonParties were awesome & brought @ScottEvilWDHA up on stage to toss out a few shirts and show them how to #Rock! 
#WDHA @StarlandBallroom",awesome & brought; shirts and show,,,,
300,"Art 🍒
🍒
🍒
🍒
🍒
🍒 #red #nails #roses #nailart #redrose #starbucks #girl #love #edmonton #lunch #yeg #yegstyle #yegoffice #matchymatchy #polished",,,Starbucks,,
301,Join us for our #santaslinktokids Drop off parties! Bring a gift or a monetary donation to promenade on providence or Birkdale Village,,,,,drop off
302,This trophy is 1/4 Mike Calta and an entire Spanish.,Calta and an,,,,
303,"Thank you Bill Small and Ferman CJDR Tampa | Buick GMC | Acura | Nissan for donating a TON of turkey to our drive...literally 2,000 pounds of turkey! #ferman #behope",Small and Ferman; our drive,,,,drive
304,@jjryanonair is at @petvetsupplyokc in Midwest City til 12PM!  Someone who stops by and signs up is going to win tickets to our @itsdarcilynne Homecoming Show! 🙌😻🐶 #okc #pets #kj103,by and signs,,,12PM,
305,It’s been way too long 😩💪🏽 #ijustwantabs #butilovefood 🤦🏽‍♀️🤷🏽‍♀️,been way,,,,
306,Matt & Ramona are off to Jamaica this morning!,Matt & Ramona,,,,
307,"Jolis petits détails : le blé 🌾 de notre champs, mon pothos qui envahit l’étagère et mon oiseau de chez @sostrenegrene qui a trouvé sa place 💛",sa place,,,,
308,"Tonight! Gather round your radio #swifties, @taylorswift is taking over at 8pm for a #reputation album release party #iHeartreputation",,,,8pm,
309,ya gurl can rent a car! hit me up on your next road trip! 🍒✨♋️ // #birthday #25 #fpme #freepeople #cancer #cancerseason,next road,,,,
310,It‘s in his blood...Shawn Mendes bringt gerade die Arena in Köln zum ausrasten 🙌 #1LIVE #shawnmendesthetour #shawnmendes #shawnmendesthetourcologne #indensektorgeholtvon1live #sektorevent #sektorliebe,,bringt gerade die Arena,,,
311,"Welcome home❤️
Soooooo happy to receive those treasures today!!! #EugeniaVolodina @eugeniavolodina .
And the scan pics are coming soon! Just can't wait to share with you all💕",,,,,
312,#iHeartAwards nominee @ImagineDragons is all of us leaving the office right at 5 pm on a Friday ✌️(pc: Getty Images),,,,5 pm,
313,"@sheisclarkejones & @subway are back!! Paying for your lunch on this Monday! Tell us, whats your favorite Subway item?? This is your chance to win a FREE Subway Gift Card!! #eatfresh #subway #middays",,,Subway,,
314,Our girl @iamhalsey is going to be hitting that #iheartawards2019 stage tonight! Don’t miss any of the action starting at 8pm EST on @foxtv 🏆,,,,8pm,
315,"I think I like it in black and white also. #BW14THAVEFRIDAYS 
#BLACKandWhite #blackandwhitephotography #beachphotography #bnw_society #ig_bw",black and white,,,,
316,post bday beach vibes 🏖✨ // #beach #bikini #lackofcolor #myloc #forever21 #birthdayweekend #25 #vacation #july,,post bday beach,,,
317,Zombie Walk 2017 #zombie #zombiewalk #horror #cosplay #hauntedhouse #fall #halloween #plussize #bigandblunt #curves #curvygirl #thick #thickthighs #thickchick #waisttraining,,,,,train; walk
318,"Starting Matt & Ramona's Big O at The Opera with @operacarolina and @ariatuscangrill! Gotta have some tasty treats before Barber of Seville 👌
.
.
.
#operacarolina #barberofseville #opera",Matt & Ramona,,,,
319,@johnlegend took the whole #iheartawards2019 to Church tonight🙏 @foxtv (📸: @gettyimages),,iheartawards2019 to Church,,,
320,all smiles for ADPI on the best day ever !!!,,,,,
321,we listen to podcasts and go to art museums #cultured,podcasts and go,,,,
322,"❤
.
.
.
.
.
.
.
.
#picoftheday #photooftheday #Photo #photography #fotografia #sunset #mycity #Niteroi #igersniteroi #niteroigram #RJ #Brasil",,,,,
323,"Looking forward to joining the rest of the podcasting community at the first-ever @iHeartRadio Podcast Awards. Watch the show on Twitter, Live at 10PM! #iHeartPodcastAwards",,,,10PM,
324,Turn on the Q or our free @iheartradio app to hear @iamcardib @shawnmendes @alessiasmusic @sabrinacarpenter and more 👏❤️🎅 #iheartjingleball also watch on CWTV.com ⛄️,sabrinacarpenter and more,,,,
325,"'87, the good year.
#winegram #winetour #wine #brunello #1987 #italy #soulfoodie  #potd #shetravelsluxe #travelnoire #travelgram",,,,,run
326,"어제 셔츠랑 맞게 머리 뽀그리했움❣️
시스터마켓 이즈 먼들 .
.
.
.
.
.
#시스터마켓#셔츠#셔츠코디#남방#남방코디#여자남방#여자셔츠#블라우스#블라우스코디#봄코디#도트남방#도트셔츠#마켓#여자마켓#셀피#일상#맞팔#데일리#데일리룩#카페",,,,,
327,Waist training the day away... #Slay #plusmodelmag #plussizemodel #psfashion #active #adventure #curves #curvygirl #thick #waisttraining #gym #gymlife #fitness #bbw #styleissizeless,,,,,gym; train
328,"#SENSODYNambassador
저 교정 다시 시작한다고 했잖아요..그래서 요즘 치아랑 잇몸에 좋은 거 다 쟁이는 중인데요!! 제일 중요한 치약, #민감성치아 관리에 좋다는 #센소다인 쓰고 있어요♡ 치아는 관리 소홀하면 바로 치과행이기 때문에 집에서 열심히 양치질하기ㅋㅋ 세계판매1위는 아무나 되겠냐구요? 신랑도 좋다는 후기 그리고 시린이때문에 찬물도 못 드시고 늘 고생하시는 엄마께도 선물드렸어요😌",,,,,
329,"BLI's Acoustic Cafe with @jeremyzucker was EVERYTHING!!! 👏👏👏 Relive his performance and find your M&G pics through the link in our bio 🌟
@kianaonair",performance and find,,,,
330,stretch ✨ // #stretchmarks #fpme #freepeople #vintage #icedcoffee #denim #brami #ootd #home #realreal #nomakeup #eyelashextensions,,,,,coffee
331,"WORLD PREMIERE! 🌎🎶 Tune in every hour to listen to the new release, ""Please Me"" by @iamcardib + @brunomars! #PleaseMe",,,,,run
332,#rock around our #christmastree #wdharocks,,,,,
333,Happy World Adoption Day! Our family has been completed through adoption and we couldn't be more thankful. ❤️ #fullheart,adoption and we,,,,
334,The @iheartradio #OKC crew is out and ready to race camels for charity at @remingtonpark's Extreme Race Day! @radiojrod @fritoontheradio @thebuffshow @shawncwitcher,out and ready,,,,
335,#ad WDHA and Hilltop Nissan are committed to helping homeless animals find forever families and have teamed up with Rosemarie's Rescue Ranch to help make that happen.,WDHA and Hilltop; families and have,,,,
336,"Did you hear about this? Do you think the mother was in the wrong, or the babysitter? Read the full story at the link in our bio and tell us what you think!",bio and tell,,,,
337,"Tick-tock I'm watchin the clock. Can't wait til we get to rock. I wanna scream and dream and throw a love parade, is that ok...",scream and dream,,,,
338,"@brunomars is up for 3 awards tonight at our #iheartawards2019, what 🏆 do you think he’s going to bring home tonight?👀 Watch live on @foxtv at 8pm EST",,,,8pm,run
339,"Day out #wollongong way! Stop at a lookout! Beautiful day for family time .
.
.
.
.
#sydney #aussieblogger #sydneyblogger #mummyblogger #instaviews #picturesque #gorgeousday #notatravelblogger",wollongong way,,,,
340,"Waka Flacka says at 32-years-old, its time to retire from the rap game. He’s “a grown ass man” ready to be a good husband & father. 👏🏾",husband & father,,,,
341,"COMMENT if you’ve grabbed your @RocktheSouth tickets!! 🤠🙌 (If not, RUN to RockTheSouth.com!) #RockTheSouth #BiggestPartyInTheSouth",,,,,run
342,Who's ready to eat all the tacos & jam out to @judahandthelion & @coolio? You won't want to miss this! 🌮🍻 @tacoluchafest,tacos & jam,,,,
343,Family Violence Prevention Center at the Maternity Fair,,Family Violence Prevention Center,,,
344,"두피가 건조해서 케어시작~
어성초 & 보성녹차가루가
민감한두피를 진정시켜주고,
노폐물은 스크럽 해주니😇👍🏻
또 멘톨,페퍼민트,티트리 성분으로
강력한 쿨링감을!!!💚
네이버쇼핑 두피케어부문 1위 제품
쇼킹두피팩으로 관리하장💆🏻
-
-
#라벨영 #labelyoung #쇼킹두피팩
#두피관리 #두피케어 #비듬 #두피팩
라벨영으로부터 제품을 제공받아 작성된 글입니다.",어성초 & 보성녹차가루가,,,,
345,The water is so blue and beautiful! #mywowmoment #livefromsandals,blue and beautiful,,,,
346,The line at @Starbucks 😱 looks like everyone in #Yukon got a gift card for Christmas! ☕️ - @jjryanonair,,,Starbucks,,
347,"4am
Finally wore @itsmyrayeraye #stingraye",,,,4am,
348,"Já passaram 10 meses do meu garoto... como passa rápido, viu?!?",,,,,
349,Big thanks to Amscot and Hillsborough County Sheriff's for helping us keep saftey first. @sbkevinshow @amscotfinancial @hcsosheriff #ad,Amscot and Hillsborough,,,,
350,"1000% Pat & Tom to me this morning. 😂 -@codyontheradio #Repost @mytherapistsays with @make_repost
・・・
V relaxing and low key",Pat & Tom; relaxing and low,,,,
351,@mjonair is hanging out at @rooseveltfieldmall @macysbackstage & loyal listener Anita came to say hi! 📻🛍,macysbackstage & loyal,,,,
352,"We have something to tell you... It's a little longer than 8 letters. 😉
We're giving away #BLISummerJam MEET & GREETS with @whydontwemusic!!! ❣
ENTER ON THE BLI APP! GOOD LUCK 💖
@kianaonair",MEET & GREETS,,,,
353,"#라벨영
쇼킹바디크림 꼬꼬버전💫
-
닭살피부 책임지는 보습력👏🏻👏🏻
매끈매끈해지는 피부에, 좋은향은 덤~
상큼한 프루티향이 기분좋게해주넹😘
용량도 든든하구~~
이제 건조한피부는 안녕👋🏻
-
-
#labelyoung #꼬꼬바디크림 #쇼킹바디크림꼬꼬버전
#바디크림 #닭살피부 #모공각화증 #뷰티스타그램 
라벨영으로부터 제품을 제공받아 작성한 후기입니다.",,,,,
354,Meu respeito e carinho pela torcida do Grêmio vem de longa data.,,,,,
355,"Tonight at 8p on CW44 night 2 of Elseworlds, the three-night superhero crossover event of the year!
True or False? Superman left Supergirl’s world to be with his love interest, Lois Lane. #sponsored",Lois Lane,,,,
356,We’ll definitely be tuning in to watch these  #iHeartAwards nominees,,,,,
357,"#ThrowbackTuesday to Pardi Gras Gang 2017! T-shirts I painted. Really overdid it for a night at Razzoo's, but I see all my t-shirt ideas through haha",,,,,
358,Army and Navy come together for 102.5 the Bone. #gobolts #bethethunder @tblightning #ad,Army and Navy,,,,
359,Did you dress us for work in a #Halloween costume? Check out @bobandsheri dressed as a Bond villain and a sexy hotdog!,villain and a,,,,
360,It’s an #iheartjingleball Winning Weekend!! Listen to the Q and score tickets to @poweratl Jingle Ball + go backstage to meet @bazzi ❤️👏🎤 ⛄️,Q and score,,,,
361,"""Get in loser, we're going shopping 🚗."" What movie can you recite line for line?⁣
.⁣
.⁣
. #MeanGirls",,,,,shopping
362,TC hanging out in #StudioD with @Bumblefoot NOW!,,,,,
363,"Presqu’un an, 30 kilos, et 1638289 bêtises séparent ces deux photos 🐶 Nouchka !",,,,,
364,Two signs the holidays are right around the corner! The @southernchristmasshow is open and @starbucks #redcups have arrived!,,,Starbucks,,
365,This Thursday Night @eliyoungband and tickets moving fast! @ironcitybham buy them now 1025thebull.com,eliyoungband and tickets,,,,
366,"It speaks to me 💃🏽
💃🏽
💃🏽
💃🏽
💃🏽
💃🏽 #hihater #girls #love #classic #blackandwhitephoto #funny #instagood #sundayvibes #storyofmylife #smile #notouching #yeg #byebitch",,,,,class
367,Post your throwback Rock The South photos with #1025RTS19 for a chance to win a pair of GA Weekend Passes to the biggest party in the south!,,,,,
368,"요즘 넘 건조하고 날씨가 오락가락해서 피부관리 하기 힘들죠..? 나만 그런거 아닐거야… 그래서 저는 요즘에 마스크팩을 정말 자주 사용하고 있어요.
세상에 있는 마스크팩은 다 써보겠다는 마음으로 정말 열심히 써보고 있는데, 또 하나의 띵 마스크팩을 만났어요…! 무려 이 제품은 마스크팩만 가지고 진행한 팝업스토어에서 완판을 기록한 제품이라는 ㅎㅎ 써보니까 제품 자체가 되게 좋더라고요!
떼어내고 두시간이 지나도 보습력이 정말 좋고 - 피부 진정효과도 좋아서 굳….b 게다가 마스크팩 시트의 밀착력은 정말 우수하댜..최고시다…♥️
마스크팩 하나만 갖고 1일 1팩 꾸준히 해주면 봄철 보습 충전 빵빵하게 해주는 피부관리가 가능할 것 같은 느낌이에요 흐흐. 이제 우리 다 같이 건조함에서 떠납시다…..!
.
#셀몽드 #봄철보습충전 #피부관리 #핵산미라클앰플마스크 #1일1팩 #데일리팩 #AD",,,,,
369,"When ur niece is feeling herself and says ""Lala take my picture"" in the midst of tryna get her in the car seat #littlediva",herself and says,,,,
370,More marital pearls of wisdom from Dr JoHo. #MarriageForDummies #dha40,from Dr,,,,
371,Kayaking adventures #escapeyourcave #kayaking #lakelife #adventure #jeep #curves #fatkini #bbw #bbwlover #thick #thickness #psfashion #waisttraining #plussize #plussizemodel #curvy #plussizeblogger,,,,,train
372,The Thursday Jolt lineup includes an all-new #FacebookTheater and OPENING NIGHT DEVILS TICKETS!,FacebookTheater and OPENING,,,,
373,"👠 Every Tuesday in February is SHOESDAY 👢 
Listen to @theacetjshow every Shoesday at 8:20am ➕ @picsbydino at 4:10pm to win designer shoes that you pick out🙌",,,,8:20am; 4:10pm,
374,"가로수길에 나만 알고싶은 바가 생겼다
여기서만 향 좋은 칵테일을 ..😍❤️
_
예약제로 맞춤 향수 제작도 해주신다는대.. 인테리어도 취향저격 다음에 여기서 생일파티할거야 ㅎ 다드루왕
.
. 
#가로수길 #칵테일 #바 #칵테일바#프레그릿가로수 #fragrit #カロスキル #林荫",,,,,
375,Check out @bigmikesaunders in the mix with classic throwbacks in the Kiss Cafe at noon,,,,,class
376,Want another clue to crack the mystery of The Unknown location we are live broadcasting from?! Come find us and we might have a prize or two for you 🔐🍻,us and we,,,,
377,"@GirlScouts $5K Cookie Buy polls close 3/7 at 10 AM PT 🍪! Get your last minute votes in now at the link in our bio!⁣
.⁣
.⁣
. #LosAngeles #LA #GirlScouts #ValentineInTheMorning",,,,10 AM,
378,Congrats to Juelz Santana and Kimbella on their marriage! The two had a private wedding ceremony ahead of Juelz prison sentence! #Loveandhiphopnewyork #kimbella #juelzsantana,Santana and Kimbella,,,,
379,Looks like @laurencrimmins and @miamonsalve are having a great time at #KeggsAndEggsby @budlight here at @macdintonsirishpub. Where are you?,,,,,
380,y’all ever seen 12 south on a beautiful Saturday? Took @jbjau89 to @outdoorvoices for the first time and now we’re both #doingthings ready 👊🏼,time and now,,,,
381,Stop no. 2 at Flanagan’s for singalongs with buds and budlights! #dillydilly🍻 #caltaclauspubcrawl,buds and budlights,,,,
382,"@beberexha came through to FLEX at the #iheartawards2019, watch live on @foxtv at 8pm EST🏆",,,,8pm,
383,"#Repost @martinlawrence
・・・
In Atlanta goin over weapons training with the team! Trigger Mike is ready to ride! 
Are y’all ready for Bad Boys 3?!",,,,,train
384,"On the blog now: places in Aus to get Christmas meal boxes and hampers!! Probably a little late, but hope this helps someone with some last minute planning!",boxes and hampers,,,,
385,"@MarioLopez and his family met #HulkHogan at #Wrestlemania35 ✊! Go behind the scenes of their night at the link in our bio!⁣
.⁣
.⁣
. #WWE #MarioLopez #LopezFamBam #Wrestlemania",MarioLopez and his,,,,
386,Catch @djkaoss1 live in the mix from 6-10pm on the Total Kaos Night Show on 101.9 KISS FM‼️🔥🔥🔥🔥🔥🔥🔥 DOWNLOAD THE 101.9 KISS FM APP TO LISTEN FROM ANYWHERE‼️,,,,10pm,
387,"Do you wish on 11:11? #Repost @omgstorytime with @get_repost
・・・
What if 🤔",,,,11:11,
388,"벌써 새해가 코앞까지 다가왔는데용… 새해에는 피부관리 탄력관리! 열심히 해야지 했는데 제 마음을 알았던 건가요!❤️
이니스프리에서 1월 1일에 안티에이징 라인인 링클 & 리프팅 사이언스가 출시된답니다! 다 똑같이 관리하는 건 노우노우~ 피부 고민 부위별로 맞춤식 탄력관리 안티에이징 제품이에요.
밴드를 붙이기 전에 먼저 스팟 트리트먼트를 피부에 찹찹 발라주고, 밴드를 붙이면 더욱더 효과 UPUP !
밴드는 안 쪽에 오일겔이 있어서 착 붙! ㅋㅋㅋㅋ붙일 때 피부의 역방향으로 밴드를 살짝 당긴 후 사용하면 보다 효과가 좋아요>_<
링클 스팟도 흡수력이 빠른 편이라 아침에 사용해도 문제 없쟈나~~~~
뭐든 보이기 시작하면 늦는다!! 피부 탄력이 무너지기 전에 미리 관리 같이해요 !
.
#이니스프리 #링클스팟 #탄력크림 #안티에이징 #리프팅사이언스 #안티에이징밴드 #리프팅밴드 #끌올케어 #리얼이니
#스킨케어추천 #innisfree #beauty #유료광고",링클 & 리프팅,,,,
389,"Stevie Wonder, Jhene Aiko, Anthony Hamilton & Marsha Ambrosius set to perform at Nipsey’s memorial service",Hamilton & Marsha,,,,
390,"Come out and Be The Thunder 11/15 at The Lucky Dill! Cheer on the Tampa @tblightning and enjoy beer specials, prizes, live DJ, and an appearance the TB Lighting Girls!",out and Be; tblightning and enjoy,,,,
391,Did a harrie kidnap him and this is his way to get help?,him and this; his way,,,,
392,WE KNOW HIM!! Santa is at @thesummitbirmingham North Pole pop up show by the movie theater 🎅 stop by and win a $300 Summit gift card ❄️,by and win,,,,
393,ALL ABOARD #choochoo #roomies4ever #tylerandalex #lansdowne #fenway #gosox,,,,,
394,"Gorgeous #sunset over the bridge tonight. 
#capecoralbridge 
#capecoral 
#LoveFL 
#gorgeous
#sunset_ig 
#sunsetlovers 
#beauty
#14thavenuephtography",,sunset over the bridge,,,
395,"Catch @djkaoss1 broadcasting live at Lowe’s at 425 Yopp rd, Jacksonville,NC from 3-5pm! FREE THANKSGIVING MEALS, KISS FM t shirts and prizes while supplies last! PULL UP!",425 Yopp rd; shirts and prizes,,,5pm,
396,Pretty much our lives! ~ @luluylala,,,,,
397,"How do you like your coffee ☕? Enter for your chance to have @ValentineInTheMorning treat your office to some breakfast treats at the link in our bio!⁣
.⁣
.⁣
. #ValentineInTheMorning",,,,,coffee
398,"Ironing 💪🏽
👟
👟
👟
👟
👟 #iron #workout #lift #motivation #homegym #girlswholift #weights #yeg #girl #love #hellyhansen #body #legs #deadlifts #bench",,,,,gym; workout
399,"#Repost @fritoontheradio
・・・
Stoked to have the delightful @avamax join me tonight to guest host the #iHeartRadio8at8 on @1027kj103! Look up KJ103 on the @iheartradio app to listen! #sweetbutpsycho",,,,,
